{
    "use_env_vars": true,
    "training": {
        "epochs": 10000,
        "batch_size": 1,
        "learning_rate": 0.0002696649999627062,
        "train_indices": [
            0,
            36
        ],
        "val_indices": [
            36,
            40
        ],
        "test_indices": [
            40,
            50
        ],
        "input_data": "$INPUT_DATA_PATH",
        "output_data": "$OUTPUT_DATA_PATH",
        "seed": 42
    },
    "loss_parameters": {
        "data_driven": {
            "huber_delta": 0.1
        },
        "physics_informed": {
            "lambda_data": 1.480037191624515,
            "lambda_continuity": 0.028727933877607737,
            "lambda_vorticity_focused": 1.101458862227698,
            "threshold_vorticity": 0.0437,
            "lambda_momentum": 0.004543176283450162,
            "lambda_gradient_penalty": 0.19682033997760215,
            "lambda_sobel": 0.0007268603873728799,
            "lambda_laplacian": 0.001007121660288547,
            "lambda_anisotropy": 0.9990028041199865,
            "nu": 3.5e-06,
            "huber_delta": 1.2335935885249254
        }
    },
    "model": {
        "activation": "relu",
        "batch_norm": false,
        "dropout_rate": 0.0,
        "l2_reg": 0.0,
        "attention": false,
        "input_shape": [
            128,
            128,
            128,
            2
        ]
    },
    "mode": "physics"
}